<?xml version="1.0" encoding="utf-8"?>
<!--/930634/1710388/2.50/5/2/Relay or Contactor/-->
<quadcept_library>
  <setting unit="mil" />
  <textstyle name="Default" height="47.244094488189" strokewidth="7.8740157480315" charwidth="47.244094488189" />
  <textstyle name="Dimension" height="19.6850393700787" strokewidth="0" charwidth="19.6850393700787" />
  <textstyle name="H127W0635TH00762" height="50" strokewidth="3" charwidth="25" />
  <textstyle name="H15W15TH02" height="59.0551181102362" strokewidth="7.8740157480315" charwidth="59.0551181102362" />
  <padstyle name="c175.5_h117" surface="False" plated="True" isvia="False" nopaste="True" nomask="True" complex="False" holesize="46.062992125984">
    <padshape layer="TOP" shape="round" width="69.094488188976" height="69.094488188976" />
    <padshape layer="TOP_SOLDER_MASK" shape="round" width="76.968503937007" height="76.968503937007" />
    <padshape layer="INNER" shape="round" width="69.094488188976" height="69.094488188976" />
    <padshape layer="BOTTOM" shape="round" width="69.094488188976" height="69.094488188976" />
    <padshape layer="BOTTOM_SOLDER_MASK" shape="round" width="76.968503937007" height="76.968503937007" />
  </padstyle>
  <padstyle name="c309_h206" surface="False" plated="True" isvia="False" nopaste="True" nomask="True" complex="False" holesize="81.102362204723">
    <padshape layer="TOP" shape="round" width="121.65354330709" height="121.65354330709" />
    <padshape layer="TOP_SOLDER_MASK" shape="round" width="129.52755905512" height="129.52755905512" />
    <padshape layer="INNER" shape="round" width="121.65354330709" height="121.65354330709" />
    <padshape layer="BOTTOM" shape="round" width="121.65354330709" height="121.65354330709" />
    <padshape layer="BOTTOM_SOLDER_MASK" shape="round" width="129.52755905512" height="129.52755905512" />
  </padstyle>
  <footprint name="T9AS1D125" originx="0" originy="0" pickpointx="0" pickpointy="0">
    <pcbpin number="1" name="1" style="c175.5_h117" originx="0" originy="0" rotation="90" />
    <pcbpin number="2" name="2" style="c175.5_h117" originx="-400" originy="0" rotation="90" />
    <pcbpin number="3" name="3" style="c309_h206" originx="-549.99999999999" originy="499.99999999999" rotation="90" />
    <pcbpin number="4" name="4" style="c309_h206" originx="150" originy="599.99999999999" rotation="90" />
    <line layer="TOP_PLACE_BOUND" originx="401.1811023622" originy="1039.3700787401" endx="-757.48031496062" endy="1039.3700787401" width="3.9370078740157" />
    <line layer="TOP_PLACE_BOUND" originx="-757.48031496062" originy="1039.3700787401" endx="-757.48031496062" endy="-319.29133858267" width="3.9370078740157" />
    <line layer="TOP_PLACE_BOUND" originx="-757.48031496062" originy="-319.29133858267" endx="401.1811023622" endy="-319.29133858267" width="3.9370078740157" />
    <line layer="TOP_PLACE_BOUND" originx="401.1811023622" originy="-319.29133858267" endx="401.1811023622" endy="1039.3700787401" width="3.9370078740157" />
    <line layer="TOP_ASSEMBLY" originx="361.81102362204" originy="999.99999999999" endx="361.81102362204" endy="496.06299212598" width="7.8740157480314" />
    <line layer="TOP_ASSEMBLY" originx="361.81102362204" originy="496.06299212598" endx="261.81102362204" endy="496.06299212598" width="7.8740157480314" />
    <line layer="TOP_ASSEMBLY" originx="261.81102362204" originy="496.06299212598" endx="261.81102362204" endy="-279.92125984252" width="7.8740157480314" />
    <line layer="TOP_ASSEMBLY" originx="261.81102362204" originy="-279.92125984252" endx="-549.99999999999" endy="-279.92125984252" width="7.8740157480314" />
    <line layer="TOP_ASSEMBLY" originx="-549.99999999999" originy="-279.92125984252" endx="-549.99999999999" endy="307.08661417322" width="7.8740157480314" />
    <line layer="TOP_ASSEMBLY" originx="-549.99999999999" originy="307.08661417322" endx="-718.11023622046" endy="307.08661417322" width="7.8740157480314" />
    <line layer="TOP_ASSEMBLY" originx="-718.11023622046" originy="307.08661417322" endx="-718.11023622046" endy="999.99999999999" width="7.8740157480314" />
    <line layer="TOP_ASSEMBLY" originx="-718.11023622046" originy="999.99999999999" endx="361.81102362204" endy="999.99999999999" width="7.8740157480314" />
    <line layer="TOP_SILKSCREEN" originx="361.81102362204" originy="999.99999999999" endx="361.81102362204" endy="496.06299212598" width="3.9370078740157" />
    <line layer="TOP_SILKSCREEN" originx="361.81102362204" originy="496.06299212598" endx="261.81102362204" endy="496.06299212598" width="3.9370078740157" />
    <line layer="TOP_SILKSCREEN" originx="261.81102362204" originy="496.06299212598" endx="261.81102362204" endy="-279.92125984252" width="3.9370078740157" />
    <line layer="TOP_SILKSCREEN" originx="261.81102362204" originy="-279.92125984252" endx="-549.99999999999" endy="-279.92125984252" width="3.9370078740157" />
    <line layer="TOP_SILKSCREEN" originx="-549.99999999999" originy="-279.92125984252" endx="-549.99999999999" endy="307.08661417322" width="3.9370078740157" />
    <line layer="TOP_SILKSCREEN" originx="-549.99999999999" originy="307.08661417322" endx="-718.11023622046" endy="307.08661417322" width="3.9370078740157" />
    <line layer="TOP_SILKSCREEN" originx="-718.11023622046" originy="307.08661417322" endx="-718.11023622046" endy="999.99999999999" width="3.9370078740157" />
    <line layer="TOP_SILKSCREEN" originx="-718.11023622046" originy="999.99999999999" endx="361.81102362204" endy="999.99999999999" width="3.9370078740157" />
  </footprint>
  <symbol name="T9AS1D12-5" originx="0" originy="0">
    <line originx="200" originy="100" endx="900" endy="100" width="0" />
    <line originx="900" originy="-300" endx="900" endy="100" width="0" />
    <line originx="900" originy="-300" endx="200" endy="-300" width="0" />
    <line originx="200" originy="100" endx="200" endy="-300" width="0" />
    <sympin number="1" originx="200" originy="0" rotation="180" length="100" width="7.8740157480315" flipped="False">
      <text name="pinname" originx="230" originy="0" style="Default" rotation="0" justify="left" flipped="False" hidden="False" data="COIL_1" />
      <text name="pindes" originx="140" originy="20" style="Default" rotation="0" justify="lowerright" flipped="False" hidden="False" data="1" />
    </sympin>
    <sympin number="2" originx="200" originy="-100" rotation="180" length="100" width="7.8740157480315" flipped="False">
      <text name="pinname" originx="230" originy="-100" style="Default" rotation="0" justify="left" flipped="False" hidden="False" data="COIL_2" />
      <text name="pindes" originx="140" originy="-80" style="Default" rotation="0" justify="lowerright" flipped="False" hidden="False" data="2" />
    </sympin>
    <sympin number="3" originx="200" originy="-200" rotation="180" length="100" width="7.8740157480315" flipped="False">
      <text name="pinname" originx="230" originy="-200" style="Default" rotation="0" justify="left" flipped="False" hidden="False" data="COM" />
      <text name="pindes" originx="140" originy="-180" style="Default" rotation="0" justify="lowerright" flipped="False" hidden="False" data="3" />
    </sympin>
    <sympin number="4" originx="900" originy="0" rotation="0" length="100" width="7.8740157480315" flipped="False">
      <text name="pinname" originx="870" originy="0" style="Default" rotation="0" justify="right" flipped="False" hidden="False" data="NO" />
      <text name="pindes" originx="960" originy="20" style="Default" rotation="0" justify="lowerleft" flipped="False" hidden="False" data="4" />
    </sympin>
    <sympin number="5" originx="900" originy="-100" rotation="0" length="100" width="7.8740157480315" flipped="False">
      <text name="pinname" originx="870" originy="-100" style="Default" rotation="0" justify="right" flipped="False" hidden="False" data="" />
      <text name="pindes" originx="960" originy="-80" style="Default" rotation="0" justify="lowerleft" flipped="False" hidden="False" data="" />
    </sympin>
  </symbol>
  <component name="T9AS1D12-5" designatorprefix="K" height="803.1496062992" footprint="T9AS1D125">
    <comppin designator="1" sympin="1" pinswap="0" gateswap="0" gate="1" group="1" side="" type="Any" name="COIL_1" />
    <comppin designator="2" sympin="2" pinswap="0" gateswap="0" gate="1" group="1" side="" type="Any" name="COIL_2" />
    <comppin designator="3" sympin="3" pinswap="0" gateswap="0" gate="1" group="1" side="" type="Any" name="COM" />
    <comppin designator="4" sympin="4" pinswap="0" gateswap="0" gate="1" group="1" side="" type="Any" name="NO" />
    <attached_symbol gate="1" name="T9AS1D12-5" />
    <pinmap designator="1" footprintpin="1" />
    <pinmap designator="2" footprintpin="2" />
    <pinmap designator="3" footprintpin="3" />
    <pinmap designator="4" footprintpin="4" />
    <text name="Datasheet" originx="0" originy="0" style="Default" rotation="0" justify="" flipped="False" hidden="True" data="https://www.te.com/commerce/DocumentDelivery/DDEController?Action=srchrtrv&amp;DocNm=T9A&amp;DocType=Data Sheet&amp;DocLang=English&amp;PartCntxt=2-1393210-0&amp;DocFormat=pdf" />
    <text name="Description" originx="0" originy="0" style="Default" rotation="0" justify="" flipped="False" hidden="True" data="TE Connectivity Non-Latching Relay PCB Mount" />
    <text name="Manufacturer_Name" originx="0" originy="0" style="Default" rotation="0" justify="" flipped="False" hidden="True" data="TE Connectivity" />
    <text name="Manufacturer_Part_Number" originx="950" originy="200" style="Default" rotation="0" justify="left" flipped="False" hidden="False" data="T9AS1D12-5" />
    <text name="Mouser Part Number" originx="0" originy="0" style="Default" rotation="0" justify="" flipped="False" hidden="True" data="655-T9AS1D12-5" />
    <text name="Mouser Price/Stock" originx="0" originy="0" style="Default" rotation="0" justify="" flipped="False" hidden="True" data="https://www.mouser.co.uk/ProductDetail/TE-Connectivity-PB/T9AS1D12-5?qs=KHldbOyX8TXPoKXQH56yNg%3D%3D" />
    <text name="Arrow Part Number" originx="0" originy="0" style="Default" rotation="0" justify="" flipped="False" hidden="True" data="T9AS1D12-5" />
    <text name="Arrow Price/Stock" originx="0" originy="0" style="Default" rotation="0" justify="" flipped="False" hidden="True" data="https://www.arrow.com/en/products/t9as1d12-5/te-connectivity?utm_currency=USD&amp;region=nac" />
  </component>
</quadcept_library>
