<?xml version="1.0" encoding="utf-8"?>
<!--/1614292/1710388/2.50/3/4/Schottky Diode/-->
<quadcept_library>
  <setting unit="mil" />
  <textstyle name="Default" height="47.244094488189" strokewidth="7.8740157480315" charwidth="47.244094488189" />
  <textstyle name="Dimension" height="19.6850393700787" strokewidth="0" charwidth="19.6850393700787" />
  <textstyle name="H127W0635TH00762" height="50" strokewidth="3" charwidth="25" />
  <textstyle name="H15W15TH02" height="59.0551181102362" strokewidth="7.8740157480315" charwidth="59.0551181102362" />
  <padstyle name="r305_203" surface="True" plated="False" isvia="False" nopaste="False" nomask="True" complex="False" holesize="0">
    <padshape layer="TOP" shape="rectangle" width="79.921259842519" height="120.07874015748" />
    <padshape layer="TOP_SOLDER_MASK" shape="rectangle" width="87.79527559055" height="127.95275590551" />
    <padshape layer="TOP_SOLDER_PASTE" shape="rectangle" width="79.921259842519" height="120.07874015748" />
  </padstyle>
  <padstyle name="r1066_838" surface="True" plated="False" isvia="False" nopaste="False" nomask="True" complex="False" holesize="0">
    <padshape layer="TOP" shape="rectangle" width="329.92125984252" height="419.68503937007" />
    <padshape layer="TOP_SOLDER_MASK" shape="rectangle" width="337.79527559055" height="427.5590551181" />
    <padshape layer="TOP_SOLDER_PASTE" shape="rectangle" width="329.92125984252" height="419.68503937007" />
  </padstyle>
  <footprint name="V40DL45BPM3I" originx="0" originy="0" pickpointx="0" pickpointy="0">
    <pcbpin number="1" name="1" style="r305_203" originx="-99.999999999999" originy="-452.75590551181" rotation="0" />
    <pcbpin number="2" name="2" style="r305_203" originx="99.999999999999" originy="-452.75590551181" rotation="0" />
    <pcbpin number="3" name="3" style="r1066_838" originx="0" originy="-113.58267716535" rotation="90" />
    <line layer="TOP_ASSEMBLY" originx="-196.85039370078" originy="0" endx="196.85039370078" endy="0" width="7.8740157480314" />
    <line layer="TOP_ASSEMBLY" originx="196.85039370078" originy="0" endx="196.85039370078" endy="-346.06299212598" width="7.8740157480314" />
    <line layer="TOP_ASSEMBLY" originx="196.85039370078" originy="-346.06299212598" endx="-196.85039370078" endy="-346.06299212598" width="7.8740157480314" />
    <line layer="TOP_ASSEMBLY" originx="-196.85039370078" originy="-346.06299212598" endx="-196.85039370078" endy="0" width="7.8740157480314" />
    <line layer="TOP_PLACE_BOUND" originx="-249.21259842519" originy="90.748031496062" endx="249.21259842519" endy="90.748031496062" width="3.9370078740157" />
    <line layer="TOP_PLACE_BOUND" originx="249.21259842519" originy="90.748031496062" endx="249.21259842519" endy="-574.80314960629" width="3.9370078740157" />
    <line layer="TOP_PLACE_BOUND" originx="249.21259842519" originy="-574.80314960629" endx="-249.21259842519" endy="-574.80314960629" width="3.9370078740157" />
    <line layer="TOP_PLACE_BOUND" originx="-249.21259842519" originy="-574.80314960629" endx="-249.21259842519" endy="90.748031496062" width="3.9370078740157" />
    <line layer="TOP_SILKSCREEN" originx="-196.85039370078" originy="-295.27559055118" endx="-196.85039370078" endy="-346.06299212598" width="3.9370078740157" />
    <line layer="TOP_SILKSCREEN" originx="-196.85039370078" originy="-346.06299212598" endx="196.85039370078" endy="-346.06299212598" width="3.9370078740157" />
    <line layer="TOP_SILKSCREEN" originx="196.85039370078" originy="-346.06299212598" endx="196.85039370078" endy="-295.27559055118" width="3.9370078740157" />
    <line layer="TOP_SILKSCREEN" originx="-102.36220472441" originy="-531.49606299212" endx="-102.36220472441" endy="-531.49606299212" width="7.8740157480314" />
    <arc layer="TOP_SILKSCREEN" originx="-98.425196850393" originy="-531.49606299212" startangle="180.0" sweepangle="-180.0" radius="3.9370078740157" width="7.8740157480314" />
    <line layer="TOP_SILKSCREEN" originx="-94.488188976377" originy="-531.49606299212" endx="-94.488188976377" endy="-531.49606299212" width="7.8740157480314" />
    <arc layer="TOP_SILKSCREEN" originx="-98.425196850393" originy="-531.49606299212" startangle=".0" sweepangle="-180.0" radius="3.9370078740157" width="7.8740157480314" />
  </footprint>
  <symbol name="V20DM100C-M3_I" originx="0" originy="0">
    <line originx="200" originy="100" endx="700" endy="100" width="0" />
    <line originx="700" originy="-200" endx="700" endy="100" width="0" />
    <line originx="700" originy="-200" endx="200" endy="-200" width="0" />
    <line originx="200" originy="100" endx="200" endy="-200" width="0" />
    <sympin number="1" originx="200" originy="0" rotation="180" length="100" width="7.8740157480315" flipped="False">
      <text name="pinname" originx="230" originy="0" style="Default" rotation="0" justify="left" flipped="False" hidden="False" data="A_1" />
      <text name="pindes" originx="140" originy="20" style="Default" rotation="0" justify="lowerright" flipped="False" hidden="False" data="1" />
    </sympin>
    <sympin number="2" originx="200" originy="-100" rotation="180" length="100" width="7.8740157480315" flipped="False">
      <text name="pinname" originx="230" originy="-100" style="Default" rotation="0" justify="left" flipped="False" hidden="False" data="A_2" />
      <text name="pindes" originx="140" originy="-80" style="Default" rotation="0" justify="lowerright" flipped="False" hidden="False" data="2" />
    </sympin>
    <sympin number="3" originx="700" originy="0" rotation="0" length="100" width="7.8740157480315" flipped="False">
      <text name="pinname" originx="670" originy="0" style="Default" rotation="0" justify="right" flipped="False" hidden="False" data="K" />
      <text name="pindes" originx="760" originy="20" style="Default" rotation="0" justify="lowerleft" flipped="False" hidden="False" data="3" />
    </sympin>
  </symbol>
  <component name="V20DM100C-M3_I" designatorprefix="D" height="39.370078740157" footprint="V40DL45BPM3I">
    <comppin designator="1" sympin="1" pinswap="0" gateswap="0" gate="1" group="1" side="" type="Any" name="A_1" />
    <comppin designator="2" sympin="2" pinswap="0" gateswap="0" gate="1" group="1" side="" type="Any" name="A_2" />
    <comppin designator="3" sympin="3" pinswap="0" gateswap="0" gate="1" group="1" side="" type="Any" name="K" />
    <attached_symbol gate="1" name="V20DM100C-M3_I" />
    <pinmap designator="1" footprintpin="1" />
    <pinmap designator="2" footprintpin="2" />
    <pinmap designator="3" footprintpin="3" />
    <text name="Datasheet" originx="0" originy="0" style="Default" rotation="0" justify="" flipped="False" hidden="True" data="http://www.vishay.com/docs/87575/v20dm100c.pdf" />
    <text name="Description" originx="0" originy="0" style="Default" rotation="0" justify="" flipped="False" hidden="True" data="Schottky Diodes &amp; Rectifiers 100V 20A SMPD(TO-263AC)" />
    <text name="Mouser Part Number" originx="0" originy="0" style="Default" rotation="0" justify="" flipped="False" hidden="True" data="78-V20DM100C-M3/I" />
    <text name="Mouser Price/Stock" originx="0" originy="0" style="Default" rotation="0" justify="" flipped="False" hidden="True" data="https://www.mouser.co.uk/ProductDetail/Vishay-General-Semiconductor/V20DM100C-M3-I?qs=F5EMLAvA7IDlhwdxAC8a8w%3D%3D" />
    <text name="Manufacturer_Name" originx="0" originy="0" style="Default" rotation="0" justify="" flipped="False" hidden="True" data="Vishay" />
    <text name="Manufacturer_Part_Number" originx="750" originy="200" style="Default" rotation="0" justify="left" flipped="False" hidden="False" data="V20DM100C-M3/I" />
  </component>
</quadcept_library>
